enfermedad,conteo
Esclerosis Multiple,2173
Displasia broncopulmonar,987
Sindrome de Guillain-Barre,793
Esclerosis lateral amiotrofica,749
Esclerosis sistemica cutanea limitada,730
Microtia,608
Neuromielitis Ã³ptica espectro,604
Deficit congenito del factor VIII,594
Enfermedad de Von Willebrand,553
Esclerosis sistemica cutanea difusa,487
Cirrosis biliar primaria,453
Enfermedad de Crohn,430
Hipertension arterial pulmonar idiopatica,348
Reumatismo psoriasico,336
Fibrosis pulmonar idiopatica,314
Miastenia grave,296
Fibrosis quistica,236
Acromegalia,228
Artritis juvenil idiopatica de inicio sistemico,214
HipertensiÃ³n Pulmonar TromboembÃ³lica CrÃ³nica,214
Enfermedad de Wegener,210
Hepatitis cronica autoinmune,198
Enfermedad de Huntington,197
Sindrome de Turner,191
Deficit congenito del factor IX,190
Neurofibromatosis,173
Poliartritis factor reumatoide positivo,161
Polineuropatia desmielinizante inflamatoria cronica,159
Inmunodeficiencia primaria no especificada,156
Sindrome de Lennox-Gastaut,152
Hiperplasia suprarrenal congenita,148
Otras alteraciones cromosomicas no especificadas,144
Distonia no especificada,132
Gastrosquisis,132
Polimiositis,129
Dermatomiositis,126
Sindrome hemolitico uremico atipico,117
Osteogenesis imperfecta,109
Vasculitis,106
Angioedema hereditario,97
Purpura de Henoch-Schoenlein,96
Poliartritis factor reumatoide negativo,93
Enfermedad de Still del adulto,83
Penfigo vulgar,81
Deficit congenito del factor VII,73
Sindrome CREST,72
Distrofia muscular tipo Duchenne,70
Artritis relacionada con entesitis,70
Craneosinostosis - hidrocefalia - malformacion de Chiari I - sinostosis radioulnar,69
Sindrome de Noonan,68
Distrofia muscular no especificada,67
Esclerosis multiple - ictiosis - deficiencia del factor VIII,65
Hemoglobinuria paroxistica nocturna,65
Acalasia primaria,64
Hipogamaglobulinemia inespecifica,63
Sindrome de Marfan,60
Aplasia medular idiopatica,60
Esclerosis tuberosa,60
Sindrome de intestino corto,59
Malformacion de Ebstein,59
Sindactilia no especificada,57
Otras Acromegalias No especificadas,57
Enfermedad mixta del tejido conectivo,54
Atresia biliar,54
Sindrome de West,52
Enfermedad de BehÃ§et,51
Enfermedad de las neuronas motoras patron Madras,50
Monosomia 22q11,49
Siringomielia,49
Apnea de la prematuridad (AOP),49
Lesion cerebral isquemica e hipoxica neonatal,48
Acondroplasia,48
Encefalopatia epileptica infantil temprana,46
Hipertension arterial pulmonar idiopatica y/o familiar,46
Hernia diafragmatica,45
Deficit congenito del factor XI,44
Histiocitosis de celulas de Langerhans,43
Raquitismo Hipofosfatemico Familiar Ligado al Cromosoma X,43
Disquinesia ciliar primaria,42
Coartacion atipica de aorta,42
Enfermedad de Gaucher,41
Distrofia miotonica de Steinert,40
Inmunodeficiencia por deficit selectivo de anticuerpos anti-polisacaridos,39
Sindrome de Tourette,37
Sindrome de Prader-Willi,36
Distrofia muscular congenita,36
Sarcoidosis,35
Esferocitosis hereditaria,35
Distonia focal,35
Enfermedad de Gaucher tipo 1,34
Colangitis esclerosante,33
Distrofia muscular de Duchenne y Becker,32
Enfermedad de Hirschsprung,31
Epilepsia mioclonica de la infancia,31
Sindrome de Angelman,31
Enfermedad de Cushing,31
Mielofibrosis con metaplasia mielocitoide,30
Enfermedades hematologicas no especificadas,29
Ataxia de Friedreich,29
Porfiria aguda intermitente,29
Estenosis pulmonar valvular,28
Hipogamaglobulinemia de la infancia (transitoria),28
Inmunodeficiencia comun variable,28
Retraso mental ligado al cromosoma X no especificado,28
Sindrome de Evans,27
Amiloidosis secundaria,27
Sindrome del injerto contra huesped,27
Periarteritis nodosa,26
Fibrosis pulmonar - inmunodeficiencia - disgenesia gonadal,26
Sindrome de Goldenhar,25
Tumor maligno neuroendocrino metastÃ¡sico de origen desconocido,25
Fibrosis pulmonar - hiperplasia hepatica - hipoplasia de medula osea,25
Comunicacion interauricular con defecto de conduccion,25
Beta-talasemia,25
Enfermedad de Takayasu,24
Osteosarcoma,24
Onfalocele,24
Enfermedad de Fabry,23
Sindrome de Rett,22
Paraplejia espastica no especificada,22
Artrogriposis no especificado,21
Mucopolisacaridosis tipo 2,21
Ictiosis no especificada,21
Anemia de Fanconi,21
Sindrome de Moebius,21
Artrogriposis multiple congenita - cara de silbido,21
Sindrome de Williams,21
Linfedema congenito,20
Atrofia muscular espinal proximal de tipo 3,20
Neuropatia optica hereditaria de Leber,19
Malformacion linfatica,19
Polidactilia en espejo - segmentacion vertebral anomalias de los miembros,19
Atrofia optica,19
Hipercolesterolemia familiar homocigota,18
SindromeÂ  Klippel Trenaunay Servelle,18
Drepanocitosis,18
Agenesia de cuerpo calloso - neuropatia,18
Otras ataxias hereditarias no especificadas,18
Paraplejia espastica familiar,18
Sindrome de Sotos,17
Mastocitosis,17
SÃ­ndrome de Dravet.,17
Hipospadias - hipertelorismo - coloboma y sordera,17
Distrofia facioescapulohumeral,17
Pneumonia intersticial aguda,17
Pityriasis rubra pilaris,16
Osteocondromas multiples,16
Fibrosis Retroperitoneal Idiopatica,16
Trastornos del ciclo de la urea,16
Delecion 22q13,16
Sindrome de Coffin Siris,16
Demencia frontotemporal,16
Mucopolisacaridosis tipo 4,16
Poliquistosis renal autosomica y recesiva,15
Hipoglucemia hiperinsulinemica persistente de la infancia,15
Macroglobulinemia de WaldenstrÃ¶m,15
Estatura baja por anomalia cualitativa de hormona de crecimiento,15
Paralisis supranuclear progresiva,15
Trisomia 18,15
Sindrome de Cushing dependiente de ACTH,15
Sindrome de Churg-Strauss,15
Atrofia muscular espinal proximal de tipo 1,15
Gastroenteritis eosinofilica,15
Agenesia de cuerpo calloso microcefalia talla baja,15
Amiloidosis hereditaria asociada a Transtiretina,15
Distrofia muscular congenita tipo 1A,15
SindromeÂ  Klippel Trenaunay Weber,14
Enfermedad de Kawasaki.,14
Trastorno del metabolismo de los aminoacidos no especificado,14
Sindrome de antisintetasas,14
Sindromes miastenicos congenitos,14
Sindrome de Silver-Russell,14
Esclerosis endosteal - Hipoplasia cerebelar,14
Enfermedad de Pompe,14
Sindrome de Alagille,13
HipertensiÃ³n Arterial Pulmonar Heredable,13
Deficit congenito del factor V,13
Holoprosencefalia,13
Sindrome de Pierre Robin aislado,13
Sindrome de Kabuki make up,13
Pancreatitis cronica hereditaria,13
Sindrome de Cornelia de Lange,13
Sindrome de Alport,13
Sindrome de Beckwith-Wiedemann,13
Mucopolisacaridosis no especificada,13
Atresia duodenal,13
Epidermolisis ampollosa distrofica,12
Esclerosis lateral primaria,12
Enfermedad de Moya-Moya,12
Penfigoide bulloso,12
Leucodistrofia no especificada,12
Epidermolisis ampollosa hereditaria,12
Enfermedad mitocondrial no especificada,12
Distrofia muscular de Emery Dreifuss,12
Neuropatia motriz multifocal con bloqueo de conduccion,12
Plagiocefalia aislada,12
Polirradiculoneuropatia desmielinizante inflamatoria aguda,12
Urticaria solar,12
Lipodistrofia no especificada,12
Otras ataxias espinocerebelosas no especificadas,12
Adrenoleucodistrofia ligado al cromosoma X,12
Distrofia muscular de cinturas,12
Mucopolisacaridosis tipo 3,12
Sindrome hipereosinofilico idiopatico,11
Sindrome de delecion 6q16,11
Miopatia con inclusiones reductoras,11
Polineuropatia amiloide familiar,11
Hipofosfatasia,11
Sindrome de Ehlers-Danlos tipo clasico â€“ TIPO I Y II,11
Enfermedad granulomatosa cronica,11
Deficiencia selectiva de IgA,10
Cardiomiopatia amiloidotica familiar relacionado con Transtirretina,10
Enfermedad de Von Willebrand adquirida,10
Deficit congenito del factor XIII,10
Sindrome nefrotico idiopatico sensible a esteroides,10
Enfermedad de Wilson,10
Monosomia 5p,10
Sindrome de Birt-Hogg-Dube,10
Microcefalia - deficit intelectual - anomalias falangicas y neurologicas,10
Craneosinostosis calcificaciones intracraneales,9
Ictiosis atresia biliar,9
HipertensiÃ³n Pulmonar Persistente del ReciÃ©n Nacido / DistrÃ©s respiratorio agudo neonatal por deficiencia de SP B,9
Deficit congenito de fibrinogeno,9
Microcefalia epilepsia retraso mental cardiopatia,9
Policondritis atrofiante,9
Sindrome de Gorlin,9
Linfangioleiomiomatosis,9
Atrofia multisistemica,9
Atrofia muscular espinal proximal de tipo 2,9
Distonias mixtas,9
Fisura media del labio inferior,9
Retinosis Pigmentaria,9
Enfermedad de Castleman,9
Enfermedad de Niemann-Pick tipo C,9
Sindrome de Bartter,9
Agammaglobulinemia ligada a X,9
Sindrome de Pierre Robin - anomalia faciodigital,9
Mastocitosis cutanea,9
Sindrome KBG,9
SÃ­ndrome de Microduplicacion  Xq28 distal,9
Taquiarritmia atrial con intervalo PR corto,9
Ataxia telangiectasia,8
Ataxia cerebelosa autosomica recesiva,8
Telangiestasia Hereditaria familiar (Rendu Osler Weber),8
Lipofuscinosis neuronal ceroidea juvenil,8
Enfermedad de Pelizaeus-Merzbacher,8
Mucopolisacaridosis tipo 6,8
Neurodegeneracion con acumulo cerebral de hierro,8
Porfiria cutanea tarda (PCT),8
Miopatia tipo Bethlem,8
Sindrome de Poland,8
Craneosinostosis alopecia ventriculo cerebral anormal,8
Craniosinostosis - malformacion de Dandy-Walker - hidrocefalia,8
Sindrome MELAS,8
Sindrome de microdelecion 15q24,8
Distonia-parkinsonismo de inicio rapido,8
Penfigo foliaceo,8
Porfiria hepatica cronica,8
AD-HIES (Sindrome de Hiper IgE) Sindrome Job,8
Sindrome de Rubinstein-Taybi,8
Sindrome de Joubert,8
Neuropatia axonal aguda motora y sensitiva,8
SÃ­ndrome de X frÃ¡gil,8
Diabetes neonatal - grupo hipotiroidismo congenito - glaucoma congenito - fibrosis hepatica - riÃ±ones poliquisticos,7
Enfermedad de Crouzon,7
Displasia esqueletica no especificada,7
Sindrome miastenico de Lambert-Eaton,7
Atresia tricuspide,7
Agammaglobulinemia - microcefalia - craneosinostosis - dermatitis severa,7
Enfermedad de Blackfan-Diamond,7
Trisomia 13,7
Otras encefalitis autoinmunes,7
Enfermedad de Darier,7
Neuropatia hereditaria con hipersensibilidad a la presion,7
Sindrome de Secrecion inapropiada de hormona antidiuretica,7
Neurofibromatosis tipo 2,7
Enfermedad de von Hippel-Lindau,7
Enfermedad relacionada con IgG4,6
Macrocefalia - talla baja - paraplejia,6
Protoporfiria eritropoyetica,6
Sindrome de Cushing,6
Agamaglobulinemia (XLA)- Deficiencia BTK,6
Deficit de ornitina carbamil transferasa,6
Hiperlipoproteinemia tipo 1,6
Sindrome de Laron,6
Queratoconjuntivitis atopica,6
Distrofia muscular congenita de Ullrich,6
Hiperglicinemia no cetosica,6
Poliposis adenomatosa familiar,6
Ataxia espinocerebelosa autosomica dominante,6
Ictiosis lamelar,6
Sindrome de McCune-Albright,6
Mielitis Trasversa Aguda (ATM),6
Lipofuscinosis neuronal ceroide tardia infantil,6
Albinismo oculo-cutaneo,6
Sindrome de Aicardi,6
Dismorfia facial macrocefalia miopia Dandy Walker,6
Neuropatia axonal motora aguda,6
Microcefalia miocardiopatia,6
Sindrome de Usher tipo 2,6
Encefalitis focal de Rasmussen,6
Miositis esporadica con cuerpos de inclusion,6
Sindrome CHARGE,6
Sindrome de insensibilidad a los androgenos,6
Deficit de biotinidasa,6
Proteinosis alveolar pulmonar idiopatica,6
Sindrome de Vater-like con hipertension pulmonar anomalias de las orejas y retraso del crecimiento,6
Otras atrofias musculares espinales no especificadas,6
Porfiria eritropoyetica congenita,5
Sindrome Alport - leiomiomatosis difusa ligado al cromosoma X,5
Fisura labiopalatina malrotacion cardiopatia,5
Esquisencefalia,5
Enfermedad de Stargardt,5
Ateroesclerosis- sordera - diabetes - epilepsia - nefropatia,5
Vasculitis leucocitoclastica hipocomplementemica,5
Sindrome de aneuploidia en mosaico variegada,5
Angioedema adquirido,5
Sindrome de Wiskott-Aldrich,5
Hiperlipoproteinemia no especificada,5
Acidemia metilmalonica - vitamina B12 sensible tipo cbl A,5
Sindrome de Lesch-Nyhan,5
Sindrome de Ehlers-Danlos tipo cifoescoliosis â€“ TIPO VI,5
Tirosinemia tipo 1,5
Gangliosidosis tipo 1,5
Disquinesia paroxistica no cinesigenica (PNKD),5
Demencia frontotemporal y parkinsonismo ligado al cromosoma 17,5
Sindrome de Worster-Drought,5
Microcefalia - anomalias digitales - deficit intelectual,5
Sindrome de Stickler,5
Deficiencia de Factor I,5
Lipomatosis encefalocraneocutanea,5
Sindrome de Kleefstra,5
Dandy Walker polidactilia postaxial,5
Sinfalangismo anomalias multiples manos y pies,5
Mucolipidosis no especificada,5
Ictiosis ligada al cromosoma X,5
Sindrome de Apert,5
Sindrome de Klippel-Feil aislado,5
Desordenes del sistema inmune no especificados,5
Sindrome de Weaver Williams,5
Sindrome de Cowden,5
Distrofia muscular de cinturas autosomica recesiva tipo 2A,5
Sindrome de Char,5
Diabetes insipida nefrogenica,5
Sindrome de Leigh,5
Enfermedad de Alzheimer autosomica dominante de aparicion temprana,5
Arteriris temporal juvenil,5
Sindrome de Smith-Magenis,5
Deficiencia de GLUT1,5
Distrofia neuroaxonal infantil,5
3-metilcrotonil glicinuria,5
Sindrome de microdelecion 12q14,5
Linfedema - anomalia arteriovenosa cerebral,5
Atrofia muscular espinal proximal,5
Galactosemia,5
Sindrome de Ehlers-Danlos de tipo vascular,5
Atresia de coanas,5
Sindrome de Pitt Hopkins,5
Cataratas-glaucoma,5
Deficiencia de IgA con subclases de IgG,5
Micosis Fungoide,5
AsociaciÃ³n VACTERL.,5
Enfermedad del rinon poliquistico autosomica dominante de tipo 1 y con esclerosis tuberosa,5
3MC Sindrome de Deficiencia COLEC11,5
Trombocitopenia - sindrome de Pierre Robin,5
Sindrome de Sturge Weber,4
Sindrome de Ehlers-Danlos tipo artrocalasia â€“ TIPO VII,4
Trastornos del metabolismo de las lipoproteinas,4
Retraso mental severo ligado al cromosoma X tipo Gustavson,4
Sindrome linfoproliferativo autoinmune (ALPES-SFAS),4
SÃ­ndrome de Koolen- De Vries,4
Osteomielitis multifocal cronica recurrente juvenil,4
Sindrome HEC,4
ParamiotonÃ­a congÃ©nita,4
Lipodistrofia tipo Berardinelli,4
Atresia de intestino delgado,4
Microcefalia - polimicrogiria- agenesia del cuerpo calloso,4
Sindrome de Aarskog-Scott,4
Sindrome de Budd-Chiari,4
Otros trastornos del metabolismo de las lipoproteinas no especificados,4
Glucogenosis tipo 1,4
Neurofibromatosis tipo familiar espinal,4
Sindrome LEOPARD,4
Sindrome de Muckle-Wells,4
Sindrome de Rett atipico,4
Inmunodeficiencia combinada severa ligado a deficit de adenosina desaminasa,4
Enfermedad de almacenamiento de glucogeno por deficit de fosforilasa quinasa muscular,4
Fiebre reumatica,4
Enfermedad de Niemann-Pick tipo B,4
SÃ­ndrome Cardiofacio Cutaneo,4
Deficiencia de anticuerpos especificos (normal igG y celulas B),4
Sindrome H,4
Neuropatia autonomica y sensitiva hereditaria 2,4
Coloboma ocular,4
Sindrome de Peutz-Jeghers,4
Distrofia muscular de cinturas autosomica recesiva tipo 2L,4
Hemimelia fibular,4
Sindrome de Costello,4
Agenesia renal bilateral,4
Sindrome de Ehlers-Danlos tipo hiperlaxitud â€“ TIPO III,4
Sindrome de Allan-Herndon-Dudley,4
Polisindactilia - malformacion cardiaca,4
Epidermolisis ampollosa epidermolitica,4
Enfermedad de Creutzfeldt-Jakob,4
Deficit de LCAT,4
Incontinentia pigmenti,4
Pseudomixoma peritoneal,4
Ataxia espinocerebelosa infantil,4
Epilepsia microcefalia displasia esqueletica,4
Feocromocitoma secretante,4
Convulsiones neonatales-infantiles familiares benignas,4
Otros trastornos del metabolismo de los carbohidratos no especificados,4
Distrofia muscular de cinturas autosomica recesiva tipo 2D,4
Trastornos del desarrollo sexual con cariotipo 46XY por deficit de 17-beta-hidroxiesteroide deshidrogenasa,4
Leucodistrofia metacromatica,3
Acidemia glutarica I,3
Desordenes lisosomales no especificados,3
Deficit de 3-hidroxiacil-CoA deshidrogenasa de acidos grasos de cadena larga,3
Ictiosis neonatal - colangitis esclerosante,3
Hemicrania paroxistica,3
Hipercolesterolemia debido a deficiencia de colesterol 7-alfa-hidroxilasa,3
SÃ­ndrome pioderma gangrenoso + acnÃ© + hidradenitis supurativa (PASH).,3
Derivados mullerianos - linfangiectasia - polidactilia,3
Mastocitosis sistemica,3
Espasticidad - deficit intelectual - epilepsia ligado al cromosoma X,3
Autismo mancha en vino de Oporto,3
Sindrome de Schinzel-Giedion,3
Eritrodermia congenita ictiosiforme ampollosa,3
Ataxia espinocerebelosa tipo  3,3
Pseudoxantoma elastico,3
Sindrome de Usher,3
APECED (APS-1),3
MiopatÃ­a necrotizante inmunomediada.,3
Paniculitis histiocitica citofagica,3
Sindrome de Maffucci,3
Sindrome de Lemierre,3
Sindrome de autismo y macrocefalia,3
Crioglobulinemia mixta,3
Displasia espondiloepimetafisaria,3
Sindrome de microdelecion 2q37,3
Agamaglobulinemia (sin bases moleculares conocidas),3
Sindrome de aneurisma aortico de tipo Loeys-Dietz,3
Tricomegalia cataratas esferocitosis,3
Miopatia nemalinica,3
Sindrome de Bardet-Biedl,3
Osteodistrofia hereditaria de Albright,3
Leucoencefalopatia con quistes anteriores y bilaterales en el lobulo temporal,3
Miositis focal,3
Displasia craneo-metafisaria,3
Sindrome de Holt-Oram,3
Hipersomnia idiopatica,3
Hipocondroplasia,3
Disinostosis craneofacial,3
Anemia hemolitica debido a deficit de piruvato quinasa de los globulos rojos,3
Trastornos hormonales no especificados,3
Amioplasia congenita,3
Sindrome de Wolf-Hirschhorn,3
Paralisis periodica hipocalemica,3
Sindrome de Treacher-Collins,3
Fibrodisplasia osificante progresiva,3
Sindrome de la triple H (HHH),3
Delecion 5q35,3
Enfermedad de Niemann-Pick,3
Sindrome de Hurler,3
Distrofia muscular autosomica recesiva ligada a una epidermolisis ampollosa,3
Cistinosis,3
SÃ­ndrome MIRAGE,3
Sindrome de Wells,3
Displasia epifisaria multiple,3
Sindrome de Cohen,3
Ataxia espinocerebelosa tipo  1,3
Acromegalia cutis gyrata,3
Sindrome de Kallmann,3
Lisencefalia tipo 2,3
Ictiosis congenita tipo feto Arlequin,3
Hipopituitarismo microftalmia,3
Ataxia cerebelosa autosomica recesiva - intrusion sacadica,3
Acondroplasia severa - retraso del desarrollo - acantosis nigricans,3
Anencefalia/exencefalia aislada,3
Hiperlipoproteinemia tipo 3,3
Sindrome de Marinesco-Sjogren,3
Enfermedad de Upington,3
Arteritis de celulas gigantes,3
Utero doble-hemivagina-agenesia renal,3
Sindrome de Potocki-Shaffer,3
Purpura TrombocitopÃ©nica TrombÃ³tica (PTT),3
Sindrome W,3
Hiperplasia regenerativa nodular,3
Acidemia organica no especificada,3
Sindrome de microdelecion 2p21,3
Paralisis supranuclear progresiva - sindrome corticobasal,3
Sindrome de Sezary,3
Braquidactilia de Hirschsprung,3
Sindrome de Parkes Weber,3
Distrofia de conos y bastones,3
Sindrome de Zellweger,3
Microftalmia - atrofia cerebral,3
Disostosis acrofacial no especificada,3
Sindrome de Lewis-Summer,3
Sindrome triple A,3
Deficit de enzima ramificante del glucogeno,3
Cardiopatia congenita -  miembros cortos,3
Enfermedad de Caroli,3
Paraplejia espastica autosomica dominante tipo 10,3
Enfermedad quistica medular autosomica dominante,3
Hemangiomatosis neonatal difusa,3
Enfermedad de Tay-Sachs,3
Alcaptonuria,3
Enfermedad de Thomsen y Becker,3
Sindrome de Coffin-Lowry,3
Desmielinizacion cerebral debido a un deficit de metionina adenosiltransferasa,3
Sindrome de Marshall-Smith,3
Sindrome de Scheie,3
Deficit congenito de proteina C,3
Macrocefalia - deficiencia inmunitaria - anemia,3
Desordenes del tejido conectivo no especificados,3
Disautonomia familiar,3
Sindrome de Camurati Engelmann,3
Sindrome de Brugada,3
Enfermedad de Buerger,3
Osteopetrosis de Albers-SchÃ¶nberg,3
Sindrome de microdelecion 2q24,3
Enfermedad de Dent,3
Hipoperistaltismo intestinal - microcolon - hidronefrosis,3
Granuloma chalazodermico,3
Enfermedad de Netherton,3
Atrofia muscular espinal - malformacion de Dandy- Walker - cataratas,3
Trastorno de la fosforilacion oxidativa mitocondrial debido a anomalias del ADN nuclear,3
Enfermedar tubular renal - cardiomiopatia,3
Acidemia isovalerica,3
Sindrome de Waardenburg (termino generico),3
Anomalias auriculares - fisura labial con o sin fisura palatina - anomalias oculares,3
Trastorno inmunoneurologico ligado al cromosoma X,2
Eritrodermia congenita letal,2
Enfermedad de Tangier,2
Sindrome de CDG,2
Perdida de audicion neurosensorial con aparicion temprana de canas y temblor esencial,2
Cutis marmorata telangiectasia congenita,2
Nefrosis - sordera - anomalias del tracto urinario y digitales,2
Sindrome de Marden-Walker,2
Ceguera - escoliosis- aracnodactilia,2
Macrotrombocitopenia con formacion anomala de proplaquetas autosomica dominante,2
Glucogenosis tipo 2,2
Enfermedad veno-oclusiva hepatica,2
Dermatitis granulomatosa intersticial con artritis,2
Anoftalmia - insuficiencia hipotalamo-pituitaria,2
Miopatia ligada al cromosoma X con atrofia del musculo postural,2
Sindrome de Saethre-Chotzen,2
Otras ataxias episodicas,2
Disostosis acrofacial tipo Nager,2
Sindrome de rubeola congenita,2
Sindrome de Smith-Lemli-Opitz,2
Sindrome de inmunodeficiencia primaria por deficit de p14,2
Neuropatia sensorial y motora de inicio facial,2
Deficiencia selectiva de IgM,2
Deficit de transportador de creatina ligado al cromosoma X,2
Ataxia espinocerebelosa tipo  2,2
Sindrome de Aicardi-Goutieres,2
Enfermedad de Letterer-Siwe,2
SÃ­ndrome de Wiedemann-Steiner,2
Distrofia muscular de cinturas autosomica dominante tipo 1A,2
Displasia acromesomelica tipo Hunter - Thompson,2
Delecion 8p,2
Craneosinostosis braquidactilia,2
Lisencefalia debido a mutaciones en TUBA1A,2
Anomalias del arco aortico- dismorfismo - deficit intelectual,2
Anomalia de Duane - miopatia - escoliosis,2
Disgenesia del cuerpo calloso compleja ligada al cromosoma X,2
Neutropenia congenita grave,2
Sindrome de Wieacker-Wolff,2
Sindrome de Hiper igD,2
Atrofia muscular espinal proximal de adultos autosomica dominante,2
Paralisis periodica no especificada,2
Sindrome de Axenfeld-Rieger,2
Dermatosis pustulosa subcornea,2
Retraso mental ligado al cromosoma X sindromico 7,2
Sindrome PFAPA,2
Sindrome de Gorham Stout,2
Trisomia 8q,2
Tirosinemia transitoria,2
Microcefalia hipoplasia pontocerebelosa disquinesia,2
Histiocitosis azul marino,2
Enfermedad de Gaucher tipo 3,2
Acatalasemia,2
Craneosinostosis tipo Boston,2
Distrofia muscular de cinturas autosomica recesiva tipo 2I,2
Craneosinostosis - enfermedad cardiaca congenita - deficit intelectual,2
Aracnodactilia retraso mental dismorfia,2
Hermafroditismo verdadero XX,2
Displasia craneo fronto nasal.,2
Enfermedad de deposito de glucogeno por deficit de LAMP-2,2
Arrinia atresia de coanas microftalmia,2
Xeroderma pigmentoso,2
Sindrome de Schnitzler,2
Anoftalmia - microftalmia aislada,2
Otros trastornos del metabolismo de las purinas no especificados,2
Retinitis pigmentaria sordera hipogenitalismo,2
Estatura baja - cuello ancho - trastorno cardiaco,2
Sindrome CLAPO,2
Albinismo cutaneo fenotipo Hermine,2
Miopatia congenita letal tipo Compton-North,2
PLAID (mutacion en PlCG22 Hipogamaglobulinemia urticaria por frio),2
Osteogenesis imperfecta - retinopatia - convulsiones - deficit intelectual,2
Migrana hemiplejica familiar o esporadica,2
Distrofia muscular de cinturas autosomica recesiva tipo 2M,2
Encefalitis autoinmune con anticuerpos anti receptor NMDA,2
Sinfalangismo distal,2
Enfermedad hepatica veno-oclusiva -inmunodeficiencia,2
Lipodistrofia parcial adquirida,2
Sindrome CACH,2
Anoftalmia - microftalmia atresia esofagica,2
Sindrome de Li-Fraumeni,2
Sindrome oral-facial-digital tipo 1,2
Duplicacion 12p,2
Microtia - coloboma - imperforacion del conducto nasolacrimal,2
Trastornos del metabolismo de los acidos grasos,2
Sindrome de Renpenning,2
Miopatia mitocondrial con anemia sideroblastica,2
Distonia dopa-sensible,2
Sindrome de Susac,2
Paraplejia espastica autosomica recesiva tipo 14,2
Cutis laxa,2
Deficit combinado de los factores V y VIII,2
Enfermedad de Devic,2
Trigonocefalia talla baja retraso de crecimiento,2
Piebaldismo,2
Enfermedad de Erdheim-Chester,2
Sindrome tricorrinofalangico tipo 1 y 3,2
Atrofia muscular espinal proximal de tipo 4,2
Sindrome de Kasabach-Merritt,2
Resistencia periferica a las hormonas tiroideas,2
Deficiencia de Lipasa Acida,2
Retraso mental y del crecimiento - disostosis mandibulo facial - microcefalia - fisura palatina,2
Sindrome de Dubowitz,2
Malabsorcion de glucosa-galactosa,2
Displasia renal-hepatica-pancreatica - quistes de Dandy-Walker,2
Sindrome de Floating-Harbor,2
Hipertelorismo tipo Teebi,2
Sindrome de hipercoagulabilidad por deficit de glicosilfosfatidilinositol,2
Hirschsprung - hipoplasia de unas - dismorfia,2
Angiomatosis cutanea y digestiva,2
Pancreatitis aguda recurrente,2
Paraplejia espastica ligada al cromosoma X tipo  2,2
Osteocondrodisplasia hipertricosis,2
Hipogonadismo hipogonadotropico congenito,2
Sindrome de Mayer-Rokitansky-KÃ¼ster-Hauser,2
Aniridia,2
Sindrome de ataxia - sordera - retraso mental,2
Acidemia propionica,2
Displasia ectodermica no especificada,2
Disostosis acro fronto facio nasal,2
Miopatia hereditaria con fallo respiratorio precoz,2
Sindrome de Simpson-Golabi-Behmel,2
Coloboma microftalmia cardiopatia sordera,2
Sindrome de Ondine,2
Granulomatosis autoinflamatoria infantil,2
Deficit congenito del factor X,2
Urticaria familiar por frio,2
Sindrome de Mowat-Wilson,2
Sindrome de Wolfram,2
Miopatia con autofagia excesiva,2
Sindrome de resistencia a la hormona liberadora de tirotropina,2
Sindrome de Alstrom,2
Epilepsia con crisis parciales migrantes del lactante,2
Sindrome de Kearns-Sayre,2
DÃ©ficit de Alfa - 1 antitripsina (DAAT),2
Sindrome neuroleptico maligno,2
Encefalopatia mioclonica temprana,2
Sindrome de Dyggve-Melchior-Clausen,2
Enanismo microcefalico osteodisplasico primordial,2
NOMID or CINCA,2
Dilatacion aortica - hipermovilidad de las articulaciones - tortuosidad arterial,2
Homocistinuria clasica por deficit de cistationina betasintasa,2
Variante neurologica del Sindrome de Waardenburg-Shah,2
VACTERL hidrocefalia,2
Sindrome de microdelecion 8q22.1,2
Sindrome de hiper-IgE autosomico dominante,2
Hemimelia tibial,2
Osteopetrosis - hipogammaglobulinemia,2
Dentinogenesis imperfecta - estatura baja - sordera - retraso mental,2
Hipotonia con acidemia lactica e hiperamonemia,2
Xerodermia pies cavos anomalia de esmalte,2
Acidemia cadena media,2
Glaucoma - apnea del sueno,2
Aplasia cutis congenita de miembros forma recesiva,2
Hematuria familiar autosomica dominante - tortuosidad arteriolar retinal - contracturas,2
Sindrome de Walker-Warburg,2
Deficit de carnitina palmitoiltransferasa II,2
Hipoplasia cartilago cabello,1
Displasia espondilometafisaria,1
Aciduria metilmalonica con homocistinuria,1
Enfermedad de jarabe de arce,1
Disgenesia gonadal 46 XY - neuropatia motora y sensorial,1
Ataxia letal con sordera y atrofia optica,1
Aplasia cutis â€“ miopÃ­a,1
Glomerulopatia hipotriquia telangiectasias,1
Encefalopatias espongiformes transmisibles (temino generico),1
Cistinuria,1
Enfermedad de orina con olor a jarabe de arce,1
Sindrome de pterigion multiple autosomico dominante,1
Coroideremia,1
Braquidactilia tipo A6 (sindrome de Osebold-Remondini),1
Trastorno neurometabolico por deficiencia de serina,1
Anquiloblefaron filiforme - imperforacion anal,1
Neuropatia sensitiva y autonoma hereditaria con sordera ligada al cromosoma x,1
Sindrome de Milroy,1
Sindrome de IMAGE,1
Displasia ectodermica - sindrome de fragilidad de la piel,1
Deficit de adenosina monofosfato deaminasa,1
Oculo trico displasia,1
Displasia oto-espondilo-megaepifisaria,1
Condrodisplasia metafisaria - retinitis pigmentosa,1
Sindrome oral-facial-digital no especificado,1
Enfermedad neurodegenerativa progresiva - hiperlaxitud articular - cataratas,1
Braquidactilia no especificada,1
Sindrome de Rothmund-Thomson,1
Queratitis estromal,1
Hiperqueratosis palmoplantar paraparesia espastica,1
Sindrome pneumo-renal de Goodpasture,1
Anemia microcitica con sobrecarga hepatica de hierro,1
Enanismo retraso mental anomalias oculares fisura labiopalatina,1
Distonia de torsion de aparicion temprana,1
Cardiomiopatia - anomalias renales,1
Anoniquia microcefalia,1
Conjuntivitis lenosa,1
Deficit de glucogeno sintasa hepatica,1
Sindrome de CLOVE's,1
Sindrome de Cockayne,1
Condrodisplasia punctata tipo rizomelico,1
Distonia mioclonica 15,1
Enfermedad de Gaucher tipo 2,1
Neutropenia ligada al cromosoma X  / Mielodisplasia,1
Lisencefalia tipo III - displasia osea metacarpiana,1
Queratoderma palmoplantar difuso - acrocianosis,1
Sindrome de Bork-Stender-Schmidt,1
Distrofia muscular oculo gastrointestinal,1
Angiomatosis quistica de hueso difusa,1
Ectopia de cristalino corioretinana distrofia miopia,1
Sindrome de Shock estafilococico toxico,1
CAMPS (CARD14 psoriasis mediada),1
Ateriopatia diabetica del cerebro no relacionada con NOTCH3,1
Deficit de adhesion leucocitaria tipo I,1
Colestasis linfedema,1
SÃ­ndrome de Bohring-Opitz,1
Disgenesia gonadal tipo XX,1
Enfermedad de McCardle,1
Sindrome DOOR,1
Enfermedad de Kennedy,1
Sindrome de Parsonage-Turner,1
Metahemoglobinemia hereditaria recesiva de tipo 2,1
Pseudohipoaldosteronismo tipo 1,1
Cardiomiopatia - intolerancia al ejercicio por una deficiencia de glicogeno en musculo y corazon,1
Pelo lanoso - queratoderma palmoplantar - miocardiopatia dilatada,1
Sindrome de Hiper IgM,1
Sindromes hipereosinofilicos,1
Deficit de acil-CoA deshidrogenasa de acidos grasos de cadena media,1
Sindrome de Wiedemann-Rautenstrauch,1
Distrofia muscular congenita por deficit de laminas A/C,1
Fucosidosis,1
Sindrome de Lichtenstein,1
Osteopetrosis maligna autosomica recesiva,1
Deficit de fosfoglicerato quinasa,1
Sindrome de Donnai-Barrow,1
Atelosteogenesis III,1
Hipogonadismo hipogonadotropico - retinitis pigmentaria,1
Sindrome de Cooks,1
Sindrome oculo-digito-esofagico-duodenal (ODED),1
Sindrome de Bernard-Soulier,1
Aceruloplasminemia,1
Linfangiectasias quisticas pulmonares,1
Queratoderma palmoplantar - amiotrofia,1
Timoma con inmunodeficiencia (SÃ­ndrome de Good),1
Paralisis periodica hipercalemica,1
Enfermedad de Best,1
Paraplejia-braquidactilia-epifisis en cono,1
AD-DKC (Mutacion en TINF2),1
Sindrome de Ehlers-Danlos tipo dermatosparaxis â€“ TIPO VII C,1
Deficit congenito de proteina S,1
Retraso mental ligado al cromosoma X - coreoatetosis - comportamiento anormal,1
Inmunodeficiencia comienzo adulto,1
Sindrome de Robinow like,1
Sindrome PHACE,1
Epidermodisplasia verruciforme 1 (Mutacion en EVER 1),1
Trastorno del desarrollo sexual 46 XY insuficiencia adrenal,1
Deficiencia de PMS2,1
Hipoplasia pontocerebelosa tipo 4,1
Enfermedad de Menkes,1
Cromosoma 1 en anillo,1
Otros trastornos del metabolismo de las pirimidinas no especificados,1
Hipoparatiroidismo familiar aislado debido a agenesia de la glandula paratiroidea,1
Distrofia muscular oculofaringea,1
Mastocitosis sistemica indolente,1
Miopatia hereditaria de cuerpos de inclusion - contracturas de las articulaciones - oftalmoplegia,1
Paraplejia espastica ligada al cromosoma X tipo 34,1
Fenilcetonuria,1
Microftalmia sindromica debido a una mutacion en OTX2,1
Displasia espondilo encondral,1
Sindrome de Shwachman-Diamond,1
Pulgares en aduccion - artogriposis tipo Christian,1
Mucolipidosis tipo 2,1
Deficit familiar aislado de glucocorticoides,1
Braquicefalia aislada,1
Sindrome de Laron con inmunodeficiencia,1
Paraplejia espastica autosomica dominante tipo 13,1
Paraplejia espastica autosomica dominante tipo 35,1
Hipoplasia dermica focal,1
Fiebre mediterranea familiar,1
Sindrome de Pterigium antecubital,1
Enfermedad de Coats,1
Deficit congenito del factor II,1
Desprendimiento de retina regmatogeno autosomico dominante,1
Distrofia muscular congenita con deficit de integrina,1
Sindrome de Majeed (mutacion de LPIN2),1
Eritroqueratodermia variable de Mendes da Costa,1
Displasia ectodermica hipohidrotica forma dominante,1
Sindrome de Fuqua Berkovitz,1
Paraplejia espastica autosomica recesiva tipo 30,1
SÃ­ndrome Pseudo TORCH 2,1
Sindrome de Sanfilippo tipo A,1
Hirschsprung polidactilia sordera,1
Disfuncion inmune - poliendocrinopatia - enteropatia ligada al cromosoma X,1
Disfasia congenita familiar,1
Angiomatosis neurocutanea hereditaria,1
Trastornos del metabolismo de las purinas,1
Sindrome de Schwartz-Jampel,1
Hipertermia maligna artrogriposis torticolis,1
SÃ­ndrome de ataxia-pancitopenia,1
Plagiocefalia retraso mental ligado al cromosoma X,1
Hipoplasia tiroidea,1
Acidemia metilmalonica - homocistinuria tipo cbl C,1
Otras atelosteogenesis no especificadas,1
Distrofia macular cistoide,1
Sindrome facio-cardio-melico,1
Sindrome vulvovaginal-gingival,1
RNASEH2B (AGS2),1
SÃ­ndrome de NLRP1 AutoinflamaciÃ³n con artritis y disqueratosis,1
Hipertricosis lanuginosa congenita,1
Obesidad por deficit de pro-opiomelanocortin,1
Sindrome CDG tipo Ic,1
Paraplejia espastica autosomica recesiva tipo 15,1
Enfermedad inflamatoria inmunomediada con anormalidades de plaquetas y eosinofilia,1
Condrodisplasia punctata ligada al cromosoma X dominante,1
Hipopituitarismo polidactilia postaxial,1
Microtia anomalias esqueleticas talla baja,1
Afasia progresiva no fluida,1
Blefarochalasia labio doble,1
Sindrome CDG tipo Iih,1
Retinosquisis ligada al cromosoma X,1
Sinostosis humeroradiocubital,1
Sindrome CAMOS,1
Aciduria 3-metilglutaconica tipo 1,1
Sindrome de Seckel,1
Pseudoacondroplasia,1
Anomalia de Poland,1
Miopatia distal con debilidad de cuerdas vocales,1
Microftalmia con anomalias de las extremidades,1
Hipomielinizacion - hipogonadismo hipogonadotropico - hipodontia,1
Mastocitosis no especificada,1
Retraso mental ligado al cromosoma X de tipo Wilson,1
Degeneracion cortico-basal,1
Sindrome blefaro queilo odontico,1
Fisura palatina sinequias laterales sindrome de,1
Encefalopatia debido a deficiencia de urocanasa,1
Sindrome de Waardenburg-Shah,1
Sindrome de Fraser,1
Displasia osea terminal - defectos pigmentarios,1
AR-HIES (Sindrome de Hiper IgE) DOCK8,1
Ataxia episodica tipo 3,1
Camptodactilia - talla alta - escoliosis - perdida de audicion,1
Encondromatosis,1
Distrofia muscular de cinturas autosomica recesiva tipo 2E,1
Cromosoma 18 en anillo,1
Calcificacion del sistema nervioso central - sordera - acidosis tubular - anemia,1
Distrofia muscular de cinturas autosomica recesiva tipo 2C,1
Agenesia gonadal,1
Sindrome de Cantrell Haller Ravitsch,1
Sindrome CDG tipo Ib,1
Sindrome de Myhre Ruvalcaba Graham,1
Diabetes mellitus neonatal,1
Trastorno del metabolismo de los carbohidratos no especificado,1
Mutacion y delecion de la cadena pesada de ig,1
Deficiencia de Munc13-4 (FHL3),1
Complejo miembros-pared abdominal,1
Hipotricosis hereditaria de Marie Unna,1
Amaurosis congenita de Leber,1
Sindrome acro-reno-ocular,1
Deficiencia de IL-10R?,1
Estesioneuroblastoma,1
Deficiencia de C3,1
Neurodegeneracion debida a deficit en 3-hidroxisobutiril-CoA-hidrolasa,1
Sindrome de Duane,1
Alfa talasemia - deficit intelectual ligado al cromosoma X,1
Distrofia ampollosa hereditaria tipo macular,1
Tirosinemia tipo 2,1
Sindrome de Meckel,1
Sindrome de Dincsoy Salih Patel,1
Pulgares en aduccion - artrogriposis tipo Dundar,1
Delecion terminal 6q,1
Epidermolisis ampollosa juntural,1
Anoftalmia - megalocornea - cardiopatia - anomalias esqueleticas,1
Acromatopsia,1
Colitis colagenosa,1
Aciduria 4 hidroxi-butirica,1
Osteopetrosis autosomica recesiva leve forma intermedia,1
Craneoraquisquisis,1
Osteocraneoestenosis,1
Sindrome neurocutaneo tipo Bicknell,1
Distonia 16,1
MutaciÃ³n de la protocadherina 19 EncefalopatÃ­a epilÃ©ptica infantil temprana 9,1
Anomalias cardiacas - heterotaxia,1
Deficiencia de IgAlpha,1
Hiperekplexia - epilepsia,1
Sindrome de Pallister-Hall,1
Neuropatia sensitiva y autonoma hereditaria con sordera y retraso global,1
Otros trastornos del ciclo de la urea no especificados,1
Queratodermia palmoplantar difusa tipo Norrbotten dominante,1
Ectrodactilia displasia ectodermica,1
Desordenes peroxisomales no especificados,1
Sindrome de Aase-Smith,1
Sindrome de Ackerman,1
Bajo peso al nacer - enanismo -disgammaglobulinemia,1
Xantomatosis cerebrotendinosa,1
Sindrome de Larsen,1
Disgenesia cerebral congenita debida a deficiencia de glutamina sintetasa,1
Neuropatia con discapacidad auditiva,1
Sindrome de Galloway,1
Fascitis eosinofilica,1
Encefalomiopatia mitocondrial infantil asociada con FASTKD2,1
Deficiencia aislada de subclases de IgG,1
Neutropenia congenita benigna,1
Sindrome de Lowry-Wood,1
Sindrome de Fanconi asociado a cadenas ligeras Ig monoclonal,1
Progeria,1
Osteopatia estriada esclerosis craneana,1
Mastocitosis sistemica agresiva,1
Histiocitosis progresiva mucinosa hereditaria,1
Sindrome de CDG tipo IL,1
Sindrome de deplecion del ADN mitocondrial forma encefalomiopatica con aciduria metilmalonica,1
Miopatia provocada por exceso de calsecuestrina y proteina SERCA1,1
Sindrome RAPADILINO,1
Ictiosis ampollosa de Siemens,1
Retraso mental ligado al cromosoma X - hipotonia - dismorfismo facial - comportamiento agresivo,1
Displasia espondiloepifisaria tardia,1
Leucoencefalopatia - ataxia - hipodontia - hipomielinizacion,1
Otros trastornos del metabolismo de los acidos grasos,1
Ulceracion umbilical atresia intestinal,1
Retraso mental dismorfia hipogonadismo diabetes mellitus,1
Sindrome de cefalopolisindactilia de Greig,1
Artrogriposis distal tipo 6,1
Retraso global del desarrollo - osteopenia - defecto ectodermico,1
Obesidad debida a la deficiencia congenita de leptina,1
Deficiencia de MBL,1
Microdelecion 9q22.3,1
Anomalias craneo digitales retraso mental,1
Asplenia congenita aislada (Mutacion in RPSA),1
Displasia oculodentodigital,1
Sindrome de Weaver,1
SÃ­ndrome de microdeleciÃ³n 19q13.11,1
Fistula arteriovenosa cerebral,1
SÃ­ndrome epilÃ©ptico por infecciÃ³n febril (FIRES),1
Deficiencia de NFKB1,1
Enfermedad de Alexander,1
Epilepsia demencia amelogenesis imperfecta,1
Enfermedad de Krabbe,1
Sindrome de Baraitser Brett Piesowicz,1
Sindrome de Rambaud Gallian Touchard,1
Sindrome cerebro-oculo-nasal,1
Ataxia espinocerebelosa tipo 29,1
Atelosteogenesis II,1
Sindrome de cataratas congenitas dismorfia facial y neuropatia (CCFDN),1
Sindrome autoinflamatorio familiar por frio,1
Colangitis esclerosante primaria,1
Paralisis laringea retraso mental,1
Hipertricosis cervical neuropatia,1
Desordenes de los lipidos no especificados,1
Deficiencia de C1qB,1
Deficit intelectual tipo Birk-Barel,1
Sindrome de Pfeiffer,1
Retraso mental ligado al cromosoma X - malformacion de Dandy Walker - Enfermedad de los ganglios basales - Convulsiones,1
Sindrome branquio-esqueleto-genital,1
Sindrome de Zellweger-like sin anomalias peroxisomicas,1
Displasia espondilometafisaria tipo Kozlowski,1
Hiperoxaluria primaria de tipo 1,1
Nefropatia sordera hiperparatiroidismo,1
Quadriparesia retraso mental retinitis pigmentaria,1
Sindrome de Gitelman,1
Enfermedad de deposito lisosomal no especificada,1
Apraxia ocular tipo Cogan,1
Trastorno del metabolismo del piruvato,1
AsociaciÃ³n VATER con macrocefalia y ventriculomegalia,1
Afalangia sindactilia microcefalia,1
Deficiencia especÃ­fica de granulos 2,1
TrombopatÃ­a: enfermedad de grÃ¡nulos densos,1
Desorden del Espectro de Anticuerpos anti-MOG,1
Nevus melanocitico congenito grande,1
SÃ­ndrome cerebrofrontofacial de Baraister-Winter,1
Sindrome de Crigler-Najjar,1
Calcinosis bilateral estriato-palido-dentada,1
Sindrome de Muenke,1
Sindrome de Fuhrmann,1
Discapacidad intelectual relacionada con SYNGAP1.,1
Odonto onico dermica displasia,1
Miofascitis macrofagica,1
Sindrome de la persona rigida,1
Sindrome de Miller Dieker,1
Dermatitis seborreica-like con elementos psoriasiformes,1
Queratosis palmaris et plantaris - clinodactilia,1
Sindrome angio-osteo-hipertrofico,1
Anemia hemolitica por deficit de glucosa fosfato isomerasa,1
Paraplejia espastica autosomica dominante tipo  6,1
ObstrucciÃ³n de Arterias Pulmonares por Estenosis CongÃ©nita de Arterias Pulmonares,1
Sindrome de Sebastian,1
Miocardiopatia restrictiva aislada familiar,1
Enfermedad por deposito de lipidos neutros,1
Sindrome de Brown-Vialetto-van Laere,1
Ataxia - apraxia - retraso mental ligado al cromosoma X,1
Diarrea congenita con malabsocion debido a insuficiencia de celulas enteroendocrinas,1
Sindrome de Bloom,1
Triada de Currarino,1
Malfomacion cerebral - enfermedad cardiaca congenita,1
Encefalopatia grave de aparicion neonatal autosomica dominante,1
Displasia espondiloepifisaria congenita,1
Aniridia ataxia cerebelosa y retraso mental,1
Sindrome de Townes-Brocks,1
Miopatia distal de tipo Welander tipo sueco,1
Sindrome de sordera branquiogenica,1
Killian Pallister Nicola,1
Deficiencia de CD27,1
Sindrome de Vici,1
Hiperfenilalalinemia,1
Retraso mental ligado al cromosoma X - macrocefalia - macroorquidismo,1
Inmunodeficiencia con multiples atresias intestinales (Mutacion en TTC7A),1
Sindrome de Roberts,1
Taquicardia ventricular polimorfica catecolinergica,1
Sindrome de Peters-Plus,1
Sindrome de SjÃ¶gren-Larsson,1
Fibromatosis gingival - sordera,1
Displasia de timo - rinon - ano - pulmon,1
Retraso mental ligado al cromosoma X - acromegalia - hiperactividad,1
Paquidermoperiostosis,1
Trastorno del habla y del lenguaje tipo 1,1
AD-DKC (Mutacion en TERT),1
Sindrome de Mazabraud,1
Hemangiomatosis Capilar Pulmonar,1
Psoriasis Pustulosa Generalizada,1
Anadisplasia metafisaria,1
Hiperqueratosis palmoplantar sordera,1
Sindrome de sordera e infertilidad,1
Disostosis mandibulofacial ligada al cromosoma X,1
Retraso mental ligado al cromosoma X de tipo Snyder,1
Candidiasis mucocutanea cronica (aislado o con el sindrome de APECED),1
Acidemia piroglutamica,1
Hiperferritinemia hereditaria con cataratas congenitas,1
Displasia epifisiaria-falangica en foma de angel,1
SCN4 todas las otras,1
Sindrome Blau (NOD2 or CARD15),1
Neuroaxonal distrofia acidosis tubular,1
Sindrome cerebro-pulmon-tiroides,1
Displasia geleofisica,1
Atrofia muscular espinal proximal infantil autosomica dominante,1
Tetraplejia espastica congenita,1
Defecto de rayo cubital / peroneo con braquidactilia,1
Sindrome de Chediak-Higashi,1
Leucodistrofia - paraplejia espastica - distonia,1
Deficit de N5-metilhomocisteina transferasa,1
Enanismo osteocondrodisplasico - sordera - retinitis pigmentosa,1
Acidosis lactica,1
Enanismo diastrofico,1
